model,seed,lr,batch_size,epochs,val_ce,val_acc,val_f1,val_macro_f1
bert-base-uncased,5768,2e-05,32,22,1.6862,0.6869,0.6848,0.6382
bert-base-uncased,5768,1e-05,32,14,0.9568,0.6465,0.6555,0.6196
bert-base-uncased,5768,5e-06,32,25,1.1784,0.6591,0.6622,0.6222
bert-base-uncased,5768,2e-05,16,19,1.6403,0.6919,0.6931,0.6528
bert-base-uncased,5768,1e-05,16,15,1.2192,0.6818,0.6836,0.6482
bert-base-uncased,5768,5e-06,16,23,1.3436,0.6793,0.6764,0.6252
bert-base-uncased,5768,2e-05,8,25,1.7693,0.6843,0.6902,0.6562
bert-base-uncased,5768,1e-05,8,29,1.8168,0.6818,0.6812,0.6437
bert-base-uncased,5768,5e-06,8,19,1.3225,0.6616,0.6632,0.6196
bert-base-uncased,78516,2e-05,32,19,1.8055,0.6389,0.6427,0.6145
bert-base-uncased,78516,1e-05,32,13,1.1167,0.5859,0.5947,0.5657
bert-base-uncased,78516,5e-06,32,23,1.4566,0.5833,0.5908,0.5597
bert-base-uncased,78516,2e-05,16,13,1.5628,0.6364,0.632,0.6014
bert-base-uncased,78516,1e-05,16,13,1.1819,0.5985,0.6046,0.5819
bert-base-uncased,78516,5e-06,16,27,1.8501,0.5884,0.595,0.5623
bert-base-uncased,78516,2e-05,8,23,2.3292,0.6414,0.6441,0.6182
bert-base-uncased,78516,1e-05,8,28,2.3631,0.6313,0.6298,0.5939
bert-base-uncased,78516,5e-06,8,27,2.1107,0.6338,0.6272,0.5915
bert-base-uncased,944601,2e-05,32,25,1.9773,0.6389,0.6416,0.623
bert-base-uncased,944601,1e-05,32,29,1.6879,0.649,0.6536,0.637
bert-base-uncased,944601,5e-06,32,37,1.5184,0.6364,0.639,0.6199
bert-base-uncased,944601,2e-05,16,16,1.6399,0.6515,0.6505,0.6288
bert-base-uncased,944601,1e-05,16,19,1.5418,0.6414,0.6445,0.6253
bert-base-uncased,944601,5e-06,16,29,1.5279,0.6414,0.6432,0.623
bert-base-uncased,944601,2e-05,8,30,2.177,0.6616,0.661,0.6404
bert-base-uncased,944601,1e-05,8,11,0.9225,0.6263,0.6326,0.6141
bert-base-uncased,944601,5e-06,8,16,1.1253,0.6439,0.6464,0.6252
bert-large-uncased,5768,2e-05,32,14,1.2974,0.6995,0.7008,0.684
bert-large-uncased,5768,1e-05,32,18,1.3856,0.6919,0.689,0.6622
bert-large-uncased,5768,5e-06,32,32,1.5042,0.6919,0.6941,0.6694
bert-large-uncased,5768,2e-05,16,11,0.9262,0.6439,0.6509,0.6354
bert-large-uncased,5768,1e-05,16,20,1.6323,0.6919,0.6916,0.6702
bert-large-uncased,5768,5e-06,16,17,1.0895,0.697,0.7002,0.6791
bert-large-uncased,5768,2e-05,8,23,1.3775,0.7121,0.7125,0.6952
bert-large-uncased,5768,1e-05,8,18,1.4851,0.7121,0.71,0.6833
bert-large-uncased,5768,5e-06,8,13,0.9922,0.6894,0.6937,0.6689
bert-large-uncased,78516,2e-05,32,16,1.4679,0.654,0.6501,0.6316
bert-large-uncased,78516,1e-05,32,16,1.1452,0.6364,0.6393,0.618
bert-large-uncased,78516,5e-06,32,34,1.54,0.649,0.6514,0.6294
bert-large-uncased,78516,2e-05,16,13,1.108,0.7071,0.7042,0.6844
bert-large-uncased,78516,1e-05,16,29,1.66,0.6667,0.6717,0.6578
bert-large-uncased,78516,5e-06,16,22,1.3596,0.6439,0.6445,0.6264
bert-large-uncased,78516,2e-05,8,8,1.0665,0.5126,0.4149,0.346
bert-large-uncased,78516,1e-05,8,13,1.2347,0.6641,0.6671,0.6483
bert-large-uncased,78516,5e-06,8,18,1.3766,0.6212,0.6228,0.6016
bert-large-uncased,944601,2e-05,32,14,1.2075,0.6944,0.6922,0.6705
bert-large-uncased,944601,1e-05,32,25,1.4644,0.6768,0.6774,0.6549
bert-large-uncased,944601,5e-06,32,22,1.2621,0.6439,0.6469,0.6196
bert-large-uncased,944601,2e-05,16,15,1.1433,0.7146,0.7162,0.7044
bert-large-uncased,944601,1e-05,16,32,1.7112,0.6869,0.6886,0.6724
bert-large-uncased,944601,5e-06,16,35,1.6714,0.6869,0.6854,0.6571
bert-large-uncased,944601,2e-05,8,17,1.2918,0.6944,0.6948,0.6828
bert-large-uncased,944601,1e-05,8,25,1.5057,0.7045,0.7087,0.6943
bert-large-uncased,944601,5e-06,8,20,1.3401,0.6717,0.6721,0.6548
roberta-base,5768,2e-05,32,13,1.2573,0.6692,0.6699,0.6549
roberta-base,5768,1e-05,32,17,1.5188,0.697,0.6966,0.6783
roberta-base,5768,5e-06,32,19,1.3196,0.6667,0.6679,0.6492
roberta-base,5768,2e-05,16,15,1.5543,0.6742,0.6737,0.6543
roberta-base,5768,1e-05,16,13,1.3052,0.6566,0.6601,0.6465
roberta-base,5768,5e-06,16,14,1.1045,0.6692,0.6715,0.6509
roberta-base,5768,2e-05,8,17,1.8121,0.6641,0.6647,0.6492
roberta-base,5768,1e-05,8,16,1.6249,0.6818,0.683,0.6691
roberta-base,5768,5e-06,8,17,1.4533,0.6591,0.6641,0.6506
roberta-base,78516,2e-05,32,15,1.2186,0.7399,0.7383,0.7088
roberta-base,78516,1e-05,32,11,0.7221,0.7096,0.7127,0.6863
roberta-base,78516,5e-06,32,15,0.7387,0.7298,0.735,0.7146
roberta-base,78516,2e-05,16,10,0.7765,0.7197,0.7188,0.6913
roberta-base,78516,1e-05,16,17,1.3346,0.75,0.745,0.7163
roberta-base,78516,5e-06,16,17,1.0575,0.7399,0.742,0.7156
roberta-base,78516,2e-05,8,28,1.2628,0.7323,0.7339,0.7103
roberta-base,78516,1e-05,8,12,0.8618,0.7298,0.7314,0.7083
roberta-base,78516,5e-06,8,14,0.9612,0.7222,0.7227,0.6945
roberta-base,944601,2e-05,32,12,0.8807,0.6869,0.6916,0.6733
roberta-base,944601,1e-05,32,39,1.5825,0.7197,0.722,0.7051
roberta-base,944601,5e-06,32,16,0.8916,0.6869,0.6898,0.6683
roberta-base,944601,2e-05,16,31,1.5521,0.7348,0.735,0.7145
roberta-base,944601,1e-05,16,26,1.4603,0.7071,0.711,0.6992
roberta-base,944601,5e-06,16,23,1.2804,0.7096,0.7126,0.698
roberta-base,944601,2e-05,8,14,1.1124,0.697,0.7023,0.6819
roberta-base,944601,1e-05,8,18,1.4344,0.7045,0.7064,0.6853
roberta-base,944601,5e-06,8,23,1.4072,0.7045,0.7087,0.6941
roberta-large,5768,2e-05,32,21,1.1974,0.7449,0.7475,0.7389
roberta-large,5768,1e-05,32,20,1.2986,0.7222,0.7257,0.7198
roberta-large,5768,5e-06,32,23,1.189,0.7323,0.7346,0.728
roberta-large,5768,2e-05,16,17,1.0092,0.75,0.7521,0.7421
roberta-large,5768,1e-05,16,18,1.0294,0.7727,0.7722,0.7594
roberta-large,5768,5e-06,16,17,1.0949,0.7323,0.7333,0.725
roberta-large,5768,2e-05,8,8,1.1203,0.4848,0.3166,0.2177
roberta-large,5768,1e-05,8,13,0.7612,0.7348,0.7389,0.7287
roberta-large,5768,5e-06,8,23,1.5358,0.7475,0.7461,0.7306
roberta-large,78516,2e-05,32,24,1.6681,0.7348,0.7345,0.7142
roberta-large,78516,1e-05,32,19,1.5066,0.7222,0.7243,0.6996
roberta-large,78516,5e-06,32,16,1.0421,0.7172,0.7167,0.6894
roberta-large,78516,2e-05,16,11,1.098,0.5303,0.3675,0.231
roberta-large,78516,1e-05,16,18,1.3919,0.7323,0.7355,0.7131
roberta-large,78516,5e-06,16,28,1.5813,0.7374,0.7376,0.71
roberta-large,78516,2e-05,8,20,1.5887,0.7121,0.7068,0.6753
roberta-large,78516,1e-05,8,11,1.0969,0.5303,0.3675,0.231
roberta-large,78516,5e-06,8,14,1.1314,0.7399,0.7449,0.7232
roberta-large,944601,2e-05,32,25,1.5649,0.7222,0.7223,0.7083
roberta-large,944601,1e-05,32,21,1.0978,0.4343,0.3851,0.3378
roberta-large,944601,5e-06,32,17,1.0613,0.7197,0.7219,0.7126
roberta-large,944601,2e-05,16,16,1.3861,0.7323,0.7336,0.72
roberta-large,944601,1e-05,16,24,1.5049,0.7475,0.7479,0.735
roberta-large,944601,5e-06,16,18,1.4909,0.7096,0.7131,0.7018
roberta-large,944601,2e-05,8,17,1.5902,0.6768,0.6794,0.6599
roberta-large,944601,1e-05,8,19,1.4382,0.7374,0.7387,0.7237
roberta-large,944601,5e-06,8,15,1.2961,0.7222,0.7219,0.7042
flang-bert,5768,2e-05,32,13,1.4541,0.6641,0.6655,0.6407
flang-bert,5768,1e-05,32,34,2.0451,0.6641,0.6669,0.6483
flang-bert,5768,5e-06,32,42,1.9686,0.6591,0.6649,0.646
flang-bert,5768,2e-05,16,11,1.1804,0.6338,0.638,0.6176
flang-bert,5768,1e-05,16,11,0.956,0.6439,0.6489,0.6338
flang-bert,5768,5e-06,16,28,1.8456,0.6364,0.6416,0.6237
flang-bert,5768,2e-05,8,19,2.0088,0.654,0.6557,0.6347
flang-bert,5768,1e-05,8,12,1.2588,0.6465,0.6518,0.6368
flang-bert,5768,5e-06,8,20,1.743,0.6515,0.6541,0.633
flang-bert,78516,2e-05,32,10,0.885,0.6692,0.6672,0.6351
flang-bert,78516,1e-05,32,15,1.3472,0.6591,0.6598,0.6242
flang-bert,78516,5e-06,32,28,1.725,0.6667,0.6667,0.6278
flang-bert,78516,2e-05,16,16,1.3988,0.6894,0.6944,0.6664
flang-bert,78516,1e-05,16,10,0.8382,0.6616,0.669,0.6427
flang-bert,78516,5e-06,16,15,1.0657,0.6616,0.6676,0.6361
flang-bert,78516,2e-05,8,12,1.1873,0.6667,0.6764,0.6599
flang-bert,78516,1e-05,8,10,0.8739,0.6818,0.6807,0.6444
flang-bert,78516,5e-06,8,23,1.7298,0.6919,0.6925,0.6609
flang-bert,944601,2e-05,32,28,1.7458,0.697,0.6996,0.6741
flang-bert,944601,1e-05,32,17,1.4035,0.6692,0.6708,0.6448
flang-bert,944601,5e-06,32,23,1.4274,0.6742,0.6776,0.6522
flang-bert,944601,2e-05,16,22,1.5295,0.7045,0.7085,0.6923
flang-bert,944601,1e-05,16,19,1.4923,0.697,0.7002,0.6792
flang-bert,944601,5e-06,16,19,1.3556,0.6692,0.6733,0.6473
flang-bert,944601,2e-05,8,13,1.4169,0.6692,0.6717,0.6513
flang-bert,944601,1e-05,8,11,0.9651,0.6843,0.6846,0.6586
flang-bert,944601,5e-06,8,18,1.4561,0.6692,0.6731,0.649
flang-roberta,5768,2e-05,32,18,1.5483,0.6591,0.6605,0.6471
flang-roberta,5768,1e-05,32,14,1.0036,0.6389,0.6429,0.6292
flang-roberta,5768,5e-06,32,28,1.4208,0.649,0.6525,0.6391
flang-roberta,5768,2e-05,16,13,1.309,0.6465,0.6513,0.6417
flang-roberta,5768,1e-05,16,15,1.2439,0.6566,0.6595,0.6494
flang-roberta,5768,5e-06,16,19,1.1585,0.6667,0.669,0.6558
flang-roberta,5768,2e-05,8,12,1.2904,0.6667,0.6699,0.6568
flang-roberta,5768,1e-05,8,15,1.3992,0.6667,0.6697,0.6528
flang-roberta,5768,5e-06,8,16,1.2395,0.6591,0.663,0.6501
flang-roberta,78516,2e-05,32,11,0.855,0.6843,0.6927,0.6677
flang-roberta,78516,1e-05,32,22,1.3223,0.6843,0.6905,0.6625
flang-roberta,78516,5e-06,32,23,1.1446,0.6995,0.6988,0.6644
flang-roberta,78516,2e-05,16,24,1.5131,0.6919,0.6994,0.668
flang-roberta,78516,1e-05,16,15,1.0466,0.7096,0.7144,0.6822
flang-roberta,78516,5e-06,16,25,1.4049,0.697,0.6978,0.6636
flang-roberta,78516,2e-05,8,10,0.8699,0.6894,0.6886,0.6609
flang-roberta,78516,1e-05,8,25,1.5836,0.7045,0.7066,0.6753
flang-roberta,78516,5e-06,8,18,1.2107,0.7121,0.7075,0.675
flang-roberta,944601,2e-05,32,15,1.1157,0.6919,0.691,0.6642
flang-roberta,944601,1e-05,32,15,1.0284,0.6591,0.6639,0.6431
flang-roberta,944601,5e-06,32,25,1.1384,0.6843,0.6875,0.6628
flang-roberta,944601,2e-05,16,12,1.0745,0.6717,0.6759,0.6592
flang-roberta,944601,1e-05,16,17,1.1868,0.6944,0.6965,0.6698
flang-roberta,944601,5e-06,16,16,0.974,0.6818,0.6848,0.656
flang-roberta,944601,2e-05,8,24,1.5336,0.7323,0.7302,0.7081
flang-roberta,944601,1e-05,8,16,1.2569,0.697,0.6999,0.6805
flang-roberta,944601,5e-06,8,11,0.8405,0.654,0.6625,0.6448
